TX,RX,Delay,Jitter,Packet Loss,Hour,Model
171.1728813559322,18.124910265613785,512.5718326666668,599.5,0.95,1.0,SUI
171.1728813559322,171.75510204081633,74.819556,34.8421052631579,0.03333333333333333,1.0,SUI
171.1728813559322,100.29582895198037,529.2598890882354,33.18181818181819,0.43333333333333335,1.0,SUI
171.1728813559322,167.80853409356624,59.756731084745766,37.94961887931035,0.016666666666666666,1.0,SUI
171.1728813559322,171.10508677775744,32.33329566101695,4.3085541379310355,0.016666666666666666,1.0,SUI
171.1728813559322,157.92655534243363,1897.913821,32.27585444444445,0.9833333333333333,1.0,SUI
171.1728813559322,170.6326619754712,72.78607618181819,23.761605172413795,0.08333333333333333,1.0,SUI
171.1728813559322,138.25051334702258,47.455607101694916,25.87197212765958,0.016666666666666666,1.0,SUI
171.1728813559322,172.22322967528893,149.80965433333336,31.96712855932204,0.2,1.0,SUI
171.1728813559322,171.10406616126807,62.464830750000004,8.75862068965517,0.0,1.0,SUI
171.1728813559322,170.9857162942925,53.301304389830506,6.240334741379311,0.016666666666666666,1.0,SUI
171.1728813559322,167.75135135135136,46.713365067796616,18.796087931034485,0.016666666666666666,1.0,SUI
171.1728813559322,173.95973315858194,38.968775915254234,31.682084736842107,0.016666666666666666,1.0,SUI
171.1728813559322,39.886130071288456,80.09399444827586,170.25072125000003,0.03333333333333333,1.0,SUI
171.1728813559322,172.64986489250302,1219.6181125384614,18.86117362068966,0.7833333333333333,1.0,SUI
171.1728813559322,171.28062006424054,67.56390328813559,30.225480948275862,0.016666666666666666,1.0,SUI
171.1728813559322,166.31375771418945,95.02343744067798,30.19389350877193,0.016666666666666666,1.0,SUI
171.1728813559322,170.39945092656143,63.50554918965518,10.107029655172415,0.03333333333333333,1.0,SUI
171.1728813559322,160.19578518014956,72.8047121016949,11.308776181818182,0.016666666666666666,1.0,SUI
171.1728813559322,171.68721860809205,35.067806,33.29822394915254,0.06666666666666667,1.0,SUI
171.1728813559322,108.01003636034154,54.85699663333334,28.360870694444447,0.0,1.0,SUI
171.1728813559322,166.50384904264678,505.3057666756757,35.768784464285716,0.38333333333333336,1.0,SUI
171.1728813559322,171.75407365513146,60.69303924561404,37.701822931034485,0.05,1.0,SUI
171.1728813559322,170.74950704575292,62.628393372881355,17.09762853448276,0.016666666666666666,1.0,SUI
171.1728813559322,166.08642395372576,64.45200718644067,30.719298245614038,0.016666666666666666,1.0,SUI
171.1728813559322,170.86854783207158,67.54480712068967,5.175696724137931,0.03333333333333333,1.0,SUI
171.1728813559322,163.2476619328022,40.74667659322034,11.762062727272726,0.016666666666666666,1.0,SUI
171.1728813559322,172.48497476055465,38.525826089285715,27.507405350877193,0.06666666666666667,1.0,SUI
171.1728813559322,151.43021129013104,59.66534755172414,31.92173833333333,0.03333333333333333,1.0,SUI
171.1728813559322,171.51778929188256,326.1157823461538,7.362964310344828,0.13333333333333333,1.0,SUI
171.1728813559322,8.826469005290633,45.503734813559326,1756.9913450000001,0.016666666666666666,1.0,SUI
171.1728813559322,172.29198167491373,1478.4094935,29.038810258620693,0.9666666666666667,1.0,SUI
171.1728813559322,86.68551288092877,84.88307074576271,67.86639022727275,0.016666666666666666,1.0,SUI
171.1728813559322,171.87815155690382,763.801448826087,40.95010157894737,0.6166666666666667,1.0,SUI
171.1728813559322,171.3417698029858,76.33484548275864,22.06881629310345,0.03333333333333333,1.0,SUI
171.1728813559322,170.9857162942925,58.93538515254238,6.9005807758620685,0.016666666666666666,1.0,SUI
171.1728813559322,116.7267683772538,48.36418083050848,38.058827435897435,0.016666666666666666,1.0,SUI
171.1728813559322,167.32193930938263,345.57182687500006,14.163805357142857,0.3333333333333333,1.0,SUI
171.1728813559322,170.3969204094953,120.0411012631579,27.660395258620692,0.05,1.0,SUI
171.1728813559322,165.69081191176028,42.53564684745763,21.731141929824563,0.016666666666666666,1.0,SUI
171.1728813559322,168.43565983069846,47.86163720689655,23.547048333333333,0.03333333333333333,1.0,SUI
171.1728813559322,171.33414032782346,114.84014893103449,25.10647789473684,0.03333333333333333,1.0,SUI
171.1728813559322,172.65038446137777,71.31455100000001,20.069711637931036,0.03333333333333333,1.0,SUI
171.1728813559322,55.42919868276619,72.1748062542373,81.59536294117648,0.016666666666666666,1.0,SUI
171.1728813559322,171.39835453727406,870.0814493333335,48.18905827586207,0.7,1.0,SUI
171.1728813559322,22.83853459972863,64.87125591525424,382.20000000000005,0.016666666666666666,1.0,SUI
171.1728813559322,172.59037408074812,1433.7428268333335,11.150844913793104,0.9,1.0,SUI
171.1728813559322,170.71601423487544,50.49860049152543,26.35497910714286,0.016666666666666666,1.0,SUI
171.1728813559322,171.57705597788527,61.59050924561404,5.790715862068966,0.05,1.0,SUI
171.1728813559322,165.4910860474259,2318.922476,22.46087935185185,0.9833333333333333,1.0,SUI
171.1728813559322,42.74269676893882,37.377169220338985,29.887927222222224,0.016666666666666666,1.0,SUI
171.1728813559322,171.44446498823757,68.92018790909091,35.034323303571426,0.08333333333333333,1.0,SUI
171.1728813559322,173.31326351612714,224.50949350000002,23.739140948275864,0.8333333333333334,1.0,SUI
171.1728813559322,168.72184195128312,63.968648192982464,39.70495663793103,0.05,1.0,SUI
171.1728813559322,170.3969204094953,98.98601845762713,38.83489818965517,0.016666666666666666,1.0,SUI
171.1728813559322,165.80386038301236,74.51194972881356,43.99286342105264,0.016666666666666666,1.0,SUI
171.1728813559322,166.0323758677094,54.47034405084746,33.02164359649123,0.016666666666666666,1.0,SUI
171.1728813559322,171.3417698029858,67.72818289655173,47.2412300862069,0.03333333333333333,1.0,SUI
171.1728813559322,171.39221671373897,60.55428884482759,30.71207964912281,0.03333333333333333,1.0,SUI
171.1728813559322,161.18146544952685,66.00860947457628,16.584178636363635,0.016666666666666666,1.0,SUI
171.1728813559322,171.33972293122773,64.25841875862069,33.30362974137931,0.03333333333333333,1.0,SUI
171.1728813559322,168.66745699705564,148.64294385714288,35.90005131578948,0.06666666666666667,1.0,SUI
171.1728813559322,168.73662579485764,49.312960745762716,16.81818181818182,0.016666666666666666,1.0,SUI
171.1728813559322,171.69571230982018,58.46284712068966,6.6215850000000005,0.03333333333333333,1.0,SUI
171.1728813559322,171.4580511155275,60.27798983928572,21.867291810344827,0.06666666666666667,1.0,SUI
171.1728813559322,167.86379116895702,41.35904650847458,42.650397241379316,0.016666666666666666,1.0,SUI
171.1728813559322,39.49759633635245,73.64820896610169,168.33261208333337,0.016666666666666666,1.0,SUI
171.1728813559322,167.51132463967056,72.32808210169492,30.21386684210526,0.016666666666666666,1.0,SUI
171.1728813559322,153.65208046030628,1250.450951,30.75183086538462,0.7833333333333333,1.0,SUI
171.1728813559322,171.3988666009008,88.65071160344827,27.605388189655176,0.03333333333333333,1.0,SUI
171.1728813559322,169.06254130695436,336.6976939245283,30.84169387931035,0.11666666666666667,1.0,SUI
171.1728813559322,171.81765164628652,43.368581677966105,26.336977543859653,0.016666666666666666,1.0,SUI
171.1728813559322,171.75561623827687,54.5009476101695,25.781980258620695,0.016666666666666666,1.0,SUI
171.1728813559322,110.3513200885933,61.269759793103454,172.5776107142857,0.03333333333333333,1.0,SUI
171.1728813559322,171.3476359055951,63.78885727118644,3.2336207627118645,0.016666666666666666,1.0,SUI
171.1728813559322,170.88074623881778,1573.919591,4.563282796610169,0.75,1.0,SUI
171.1728813559322,166.08838039459994,39.5233415,44.25981736842106,0.0,1.0,SUI
171.1728813559322,103.35375822682283,32.07810175,35.18105264705883,0.0,1.0,SUI
171.1728813559322,15.285047372259347,68.93075194827587,613.2543275,0.03333333333333333,1.0,SUI
171.1728813559322,165.57888972683492,556.3311310000001,40.2424253508772,0.4166666666666667,1.0,SUI
171.1728813559322,172.11178869063048,1603.7259380000003,32.254591637931036,0.9166666666666666,1.0,SUI
171.1728813559322,165.57791749300281,69.28729962068967,43.825320614035085,0.03333333333333333,1.0,SUI
171.1728813559322,170.98520669630582,81.47650523728814,35.72622706896552,0.016666666666666666,1.0,SUI
171.1728813559322,171.16049397780873,72.88471031034484,30.11248232758621,0.03333333333333333,1.0,SUI
171.1728813559322,171.63431786216594,61.82047591525424,20.706613333333333,0.016666666666666666,1.0,SUI
171.1728813559322,170.5704958472092,89.0962216779661,34.01351077586207,0.016666666666666666,1.0,SUI
171.1728813559322,170.6341844807102,77.7833511724138,24.52067353448276,0.03333333333333333,1.0,SUI
171.1728813559322,33.93536543927908,57.50776303389831,225.55651722222223,0.016666666666666666,1.0,SUI
171.1728813559322,17.561089183572005,39.34664489830509,588.98846,0.016666666666666666,1.0,SUI
171.1728813559322,171.51921790280068,1290.8120900000001,5.362533474576272,0.8333333333333334,1.0,SUI
171.1728813559322,76.33335374656458,1651.6897860000001,56.32411891304348,0.9333333333333333,1.0,SUI
171.1728813559322,172.1107560291923,33.92182108333334,24.636886465517243,0.0,1.0,SUI
171.1728813559322,171.573470973518,128.34563391666669,35.073746875,0.6,1.0,SUI
171.1728813559322,169.06652700455354,73.70997930508476,35.43178060344828,0.016666666666666666,1.0,SUI
171.1728813559322,171.51778929188256,87.77635512280702,11.574039137931035,0.05,1.0,SUI
171.1728813559322,171.51881484997756,63.63286167796611,9.467009482758622,0.016666666666666666,1.0,SUI
171.1728813559322,21.73853710659927,56.15829718644068,315.6623391666667,0.016666666666666666,1.0,SUI
171.1728813559322,173.33931081136177,50.14736252542373,6.84377552631579,0.016666666666666666,1.0,SUI
171.1728813559322,171.16151526758225,1084.9298945714286,22.160096810344825,0.8833333333333333,1.0,SUI
171.1728813559322,171.69469292596082,34.10563393103448,34.432898928571426,0.03333333333333333,1.0,SUI
171.1728813559322,143.28710199805303,43.8981803220339,14.2465740625,0.016666666666666666,1.0,SUI
171.1728813559322,55.919729805911984,68.87028775438597,93.36057794117649,0.05,1.0,SUI
171.1728813559322,171.16202591703941,325.14502283673477,22.434615862068966,0.18333333333333332,1.0,SUI
171.1728813559322,169.52579908105767,995.2764851666667,29.400730000000003,0.7,1.0,SUI
171.1728813559322,172.6493453267554,84.17017947457626,14.101508362068968,0.016666666666666666,1.0,SUI
171.1728813559322,46.08995944089045,71.70448413559323,110.20872178571429,0.016666666666666666,1.0,SUI
171.1728813559322,169.70212109213057,47.2783289661017,11.380056465517242,0.016666666666666666,1.0,SUI
171.1728813559322,168.32,1184.9977976666669,33.7592175862069,0.75,1.0,SUI
171.1728813559322,172.1740501614482,51.82298150847458,7.937600344827586,0.016666666666666666,1.0,SUI
171.1728813559322,170.9294036406038,760.948441,8.431631379310346,0.9833333333333333,1.0,SUI
171.1728813559322,68.88540925266904,58.40820108474576,79.81975545454546,0.016666666666666666,1.0,SUI
171.1728813559322,172.77001021263857,53.07795227118645,30.24734827586207,0.016666666666666666,1.0,SUI
171.1728813559322,171.6857029423112,73.34385769491524,8.466169288135594,0.016666666666666666,1.0,SUI
171.1728813559322,10.067159352600072,708.6207623043479,1103.9783625000002,0.6166666666666667,1.0,SUI
171.1728813559322,171.57705597788527,72.41480235593221,9.72234724137931,0.016666666666666666,1.0,SUI
171.1728813559322,173.13249651324963,25.010236466666665,14.105835862068966,0.0,1.0,SUI
171.1728813559322,170.8254397834912,1782.6064526666669,39.353291694915264,0.95,1.0,SUI
171.1728813559322,22.49437905895495,56.20298345762712,361.49423,0.016666666666666666,1.0,SUI
171.1728813559322,158.23955431754874,69.67351972881357,22.339622641509433,0.016666666666666666,1.0,SUI
171.1728813559322,170.92736660929432,61.465251916666666,8.295192586206896,0.0,1.0,SUI
171.1728813559322,170.92736660929432,1436.0579145714287,18.122181896551727,0.8833333333333333,1.0,SUI
171.1728813559322,171.10661772532117,158.47634220370372,3.2201775,0.1,1.0,SUI
171.1728813559322,24.99823401952024,40.600949644067796,429.9956725,0.016666666666666666,1.0,SUI
171.1728813559322,172.17301675274615,31.45852922033898,25.170026206896555,0.016666666666666666,1.0,SUI
171.1728813559322,121.79656728000745,40.59170786440678,41.95292975,0.016666666666666666,1.0,SUI
171.1728813559322,23.280960347359894,1844.913821,373.796538,0.95,1.0,SUI
171.1728813559322,171.10508677775744,69.81828727118643,39.72055655172414,0.016666666666666666,1.0,SUI
171.1728813559322,168.77720572171467,79.0726172195122,33.82743698275862,0.31666666666666665,1.0,SUI
171.1728813559322,171.0549044983761,1539.599240166667,24.951793050847456,0.9,1.0,SUI
171.1728813559322,28.288869882211067,61.944706169491525,349.34198833333335,0.016666666666666666,1.0,SUI
171.1728813559322,168.89201980937708,65.54922201694916,35.81848353448276,0.016666666666666666,1.0,SUI
171.1728813559322,171.99823167150564,50.00522075,33.91566,0.0,1.0,SUI
171.1728813559322,176.82918365992774,503.17896724999997,30.52186732758621,0.9333333333333333,1.0,SUI
171.1728813559322,171.3417698029858,79.01895735593222,32.312881637931035,0.016666666666666666,1.0,SUI
171.1728813559322,173.0113249431995,76.85943714035089,14.242125431034484,0.05,1.0,SUI
171.1728813559322,171.29051816767443,86.10927752542375,4.963088559322034,0.016666666666666666,1.0,SUI
171.1728813559322,171.22002495266761,72.46168905084745,33.41618068965518,0.016666666666666666,1.0,SUI
171.1728813559322,167.14703832752613,75.53924676271187,37.137602321428574,0.016666666666666666,1.0,SUI
171.1728813559322,24.952230394559113,30.45847216666667,351.1709941666667,0.0,1.0,SUI
171.1728813559322,169.39034818978232,63.89553981355933,21.88930241071429,0.016666666666666666,1.0,SUI
171.1728813559322,170.95884545659035,90.10877740350877,32.89764830357144,0.05,1.0,SUI
171.1728813559322,170.86803893225155,1635.7858010000002,27.167787844827586,0.8833333333333333,1.0,SUI
171.1728813559322,170.9268573590532,111.73374512280702,26.7052550862069,0.05,1.0,SUI
171.1728813559322,157.14805003396896,80.94221547368421,6.795392264150944,0.05,1.0,SUI
171.1728813559322,171.93502490562815,68.22477354237289,22.435711491228073,0.016666666666666666,1.0,SUI
171.1728813559322,170.9867354993787,60.55479642372882,7.5899375000000004,0.016666666666666666,1.0,SUI
171.1728813559322,93.57906376628074,195.41846905555556,46.596249500000006,0.1,1.0,SUI
171.1728813559322,59.57790383030772,59.4601610862069,80.44155944444445,0.03333333333333333,1.0,SUI
171.1728813559322,46.529231959052304,40.779468796610175,148.2637816666667,0.016666666666666666,1.0,SUI
171.1728813559322,171.2811314246292,652.2823401935485,30.496120172413793,0.48333333333333334,1.0,SUI
171.1728813559322,166.56666666666666,893.042316,45.46428571428572,0.6833333333333333,1.0,SUI
171.1728813559322,33.79907930480667,749.4186894375,221.1120727777778,0.7333333333333333,1.0,SUI
171.1728813559322,168.84248218780698,62.37606311864407,20.473532368421054,0.016666666666666666,1.0,SUI
171.1728813559322,163.27842069434988,68.79253240350877,30.854360892857144,0.05,1.0,SUI
171.1728813559322,171.00199124057065,1225.4086280000001,29.5411993220339,0.8333333333333334,1.0,SUI
171.1728813559322,171.63687712311494,101.04555324137931,18.84766284482759,0.03333333333333333,1.0,SUI
171.1728813559322,171.34023464458247,93.12814336842105,12.095987068965519,0.05,1.0,SUI
171.1728813559322,171.22155795772963,64.974207,8.888344396551725,0.0,1.0,SUI
171.1728813559322,172.36210868433992,64.4188423559322,44.004403421052636,0.016666666666666666,1.0,SUI
171.1728813559322,171.1045764679908,54.6603846440678,33.21062715517242,0.016666666666666666,1.0,SUI
171.1728813559322,170.9278758625699,54.94631981355933,5.360129051724138,0.016666666666666666,1.0,SUI
171.1728813559322,171.27755998815664,78.73214332758621,33.88645666101695,0.03333333333333333,1.0,SUI
171.1728813559322,16.95912000947925,66.28530286440679,561.6695516666666,0.016666666666666666,1.0,SUI
171.1728813559322,170.6918262847176,42.048454813559324,4.199951637931035,0.016666666666666666,1.0,SUI
171.1728813559322,168.49480784348012,48.642415799999995,19.42575973684211,0.0,1.0,SUI
171.1728813559322,171.16355788369302,1326.6681485000001,6.201145431034483,0.9333333333333333,1.0,SUI
171.1728813559322,171.7561304388163,36.74190311864407,36.64091551724138,0.016666666666666666,1.0,SUI
171.1728813559322,170.28156804734468,87.28282289655174,10.343633793103448,0.03333333333333333,1.0,SUI
171.1728813559322,172.57213708830227,38.073765576271185,27.662256272727273,0.016666666666666666,1.0,SUI
171.1728813559322,171.99255677326676,71.47306379661019,25.115466810344827,0.016666666666666666,1.0,SUI
171.1728813559322,167.91518861574042,55.40512049152542,23.356191666666668,0.016666666666666666,1.0,SUI
171.1728813559322,171.10508677775744,72.70060475000001,24.09897155172414,0.06666666666666667,1.0,SUI
171.1728813559322,111.74317510034258,80.67483998305086,34.574243648648654,0.016666666666666666,1.0,SUI
171.1728813559322,171.75664464243448,40.522560741379316,11.401476120689654,0.03333333333333333,1.0,SUI
171.1728813559322,172.72805908044987,84.14765591525423,26.840131315789474,0.016666666666666666,1.0,SUI
171.1728813559322,172.2275667579874,73.45198047368422,6.356398448275863,0.36666666666666664,1.0,SUI
171.1728813559322,171.22104695299217,53.270633372881356,34.28720310344828,0.016666666666666666,1.0,SUI
171.1728813559322,170.79356193142056,59.7622985862069,36.04085771929825,0.03333333333333333,1.0,SUI
171.1728813559322,171.33257884048092,46.17208650847458,29.426670789473683,0.016666666666666666,1.0,SUI
171.1728813559322,169.25330621103842,69.47137091525424,23.508923771929823,0.016666666666666666,1.0,SUI
171.1728813559322,167.45535093591323,69.89074789655174,25.91546938596491,0.03333333333333333,1.0,SUI
171.1728813559322,167.7400840648513,76.80162513793104,18.600287280701753,0.03333333333333333,1.0,SUI
171.1728813559322,124.44492636118456,104.0102437586207,22.71469785714286,0.03333333333333333,1.0,SUI
171.1728813559322,165.19057497397603,99.17400255172413,19.784632410714288,0.03333333333333333,1.0,SUI
171.1728813559322,171.11337073579426,128.47725324137932,26.698582627118643,0.03333333333333333,1.0,SUI
171.1728813559322,171.57551660045317,421.4164839069768,17.725480948275862,0.2833333333333333,1.0,SUI
171.1728813559322,172.23066898616713,84.32529538596492,12.11860051724138,0.05,1.0,SUI
171.1728813559322,35.49914673151128,51.36222266666667,208.6284954545455,0.0,1.0,SUI
171.1728813559322,169.5293056950167,65.71812676271186,10.528364568965516,0.016666666666666666,1.0,SUI
171.1728813559322,171.05640904701207,51.24465659322034,25.93909805084746,0.016666666666666666,1.0,SUI
171.1728813559322,168.09306353789094,875.7630218333335,30.997313965517243,0.8,1.0,SUI
171.1728813559322,19.192702394526798,54.745423796610176,277.0,0.016666666666666666,1.0,SUI
171.1728813559322,166.0232479712855,72.54621091666667,29.220138611111114,0.0,1.0,SUI
171.1728813559322,29.660477337954536,64.93017159322034,158.5603007142857,0.016666666666666666,1.0,SUI
171.1728813559322,170.86803893225155,262.405166,34.044182327586206,0.9666666666666667,1.0,SUI
171.1728813559322,172.05318403337066,292.85856109090906,33.20913491379311,0.08333333333333333,1.0,SUI
171.1728813559322,172.05885736299643,1042.3191135,26.337888596491233,0.8666666666666667,1.0,SUI
171.1728813559322,171.00199124057065,64.3907326101695,5.151729661016949,0.016666666666666666,1.0,SUI
171.1728813559322,171.99461927270156,83.98109828813558,5.232942155172415,0.016666666666666666,1.0,SUI
171.1728813559322,171.11588004604664,88.0000159137931,5.277934406779661,0.03333333333333333,1.0,SUI
171.1728813559322,165.7741822018994,35.356164166666666,38.0561190909091,0.0,1.0,SUI
171.1728813559322,169.9319159748578,39.61687193220339,13.17838275862069,0.016666666666666666,1.0,SUI
171.1728813559322,165.07251531426436,33.16078016666667,34.7879552631579,0.0,1.0,SUI
171.1728813559322,171.5137034434294,189.90901742857145,31.05657947368421,0.06666666666666667,1.0,SUI
171.1728813559322,17.58259659435522,55.559423203389834,642.98269,0.016666666666666666,1.0,SUI
171.1728813559322,171.04665560675605,55.78118143103448,31.123524913793105,0.03333333333333333,1.0,SUI
171.1728813559322,81.65137904433234,70.43507944827587,52.52140351851852,0.03333333333333333,1.0,SUI
171.1728813559322,168.66304347826085,1638.9397860000001,28.103448275862068,0.95,1.0,SUI
171.1728813559322,163.50150480760877,74.56353066101697,21.14270258928571,0.016666666666666666,1.0,SUI
171.1728813559322,167.96796838785357,361.3504292142857,41.771404473684214,0.5333333333333333,1.0,SUI
171.1728813559322,129.7040709592764,57.684747779661016,33.04751802325582,0.016666666666666666,1.0,SUI
171.1728813559322,171.21798098861942,84.20324757894737,9.010744137931034,0.05,1.0,SUI
171.1728813559322,170.74950704575292,69.17571263793104,37.40797336206897,0.03333333333333333,1.0,SUI
171.1728813559322,172.85144762317194,418.82555952272725,28.216144473684214,0.26666666666666666,1.0,SUI
171.1728813559322,168.14801535992348,41.695749898305095,43.57702362068966,0.016666666666666666,1.0,SUI
171.1728813559322,172.24257367585597,61.05365659322034,34.67015903508772,0.016666666666666666,1.0,SUI
171.1728813559322,171.34109416829307,62.74774324137931,16.705183898305084,0.03333333333333333,1.0,SUI
171.1728813559322,171.7587014876962,71.24715040677967,17.648824396551724,0.016666666666666666,1.0,SUI
171.1728813559322,102.63379689397635,66.6251136724138,53.531890833333335,0.03333333333333333,1.0,SUI
171.1728813559322,171.17388576947886,45.63524791666667,5.6014352542372885,0.0,1.0,SUI
171.1728813559322,171.4580511155275,35.820115067796614,27.410659396551726,0.016666666666666666,1.0,SUI
171.1728813559322,130.85067050800697,323.4969789032258,25.908788255813956,0.48333333333333334,1.0,SUI
171.1728813559322,165.57888972683492,31.260858083333336,35.99741868421052,0.0,1.0,SUI
171.1728813559322,167.1490545993973,59.59236210169491,39.74072678571429,0.016666666666666666,1.0,SUI
171.1728813559322,173.03049079284406,218.7947673636364,34.50816456140351,0.26666666666666666,1.0,SUI
171.1728813559322,174.04328999112334,63.988525655172424,11.697793879310346,0.03333333333333333,1.0,SUI
171.1728813559322,171.39835453727406,71.60690819298246,10.32878,0.05,1.0,SUI
171.1728813559322,168.5495307509767,68.79603522413794,36.69980241379311,0.03333333333333333,1.0,SUI
171.1728813559322,171.22992065448403,78.32822879661018,31.50847457627119,0.016666666666666666,1.0,SUI
171.1728813559322,136.34981726726355,54.79964523728813,16.716074239130435,0.016666666666666666,1.0,SUI
171.1728813559322,171.1733835612321,63.37701074576271,4.245062966101695,0.016666666666666666,1.0,SUI
171.1728813559322,173.4954577218728,51.405797750000005,29.517838275862072,0.0,1.0,SUI
171.1728813559322,172.23994354269584,344.8271419574468,27.023010175438596,0.21666666666666667,1.0,SUI
171.1728813559322,168.49279429913565,30.771388333333334,49.447181666666665,0.0,1.0,SUI
171.1728813559322,171.93506381368834,126.02197049152544,31.066727155172416,0.016666666666666666,1.0,SUI
171.1728813559322,65.68002837885774,65.55069548275861,58.43351714285715,0.03333333333333333,1.0,SUI
171.1728813559322,163.38563903415636,80.0754786724138,14.868447037037038,0.03333333333333333,1.0,SUI
171.1728813559322,172.65194318676512,95.16159193220341,8.757128448275862,0.016666666666666666,1.0,SUI
171.1728813559322,84.5837028771878,681.7939805454546,44.44797055555556,0.6333333333333333,1.0,SUI
171.1728813559322,171.16560054855694,66.76560627272728,7.091728189655173,0.08333333333333333,1.0,SUI
171.1728813559322,29.657008613938917,42.20378438983051,269.25,0.016666666666666666,1.0,SUI
171.1728813559322,78.65522356779061,729.8957258214286,79.20256333333333,0.5333333333333333,1.0,SUI
171.1728813559322,51.817606718185736,28.282729813559325,81.949400625,0.016666666666666666,1.0,SUI
171.1728813559322,166.65248045256516,1469.2692726666667,31.664540877192984,0.85,1.0,SUI
171.1728813559322,170.86803893225155,796.9390936000001,4.685924568965517,0.5833333333333334,1.0,SUI
171.1728813559322,47.799449141639805,839.0319771764707,133.93599,0.7166666666666667,1.0,SUI
171.1728813559322,28.98429125717103,63.17795100000001,113.00989142857145,0.03333333333333333,1.0,SUI
171.1728813559322,171.57705597788527,36.58194676271187,8.688759827586209,0.016666666666666666,1.0,SUI
171.1728813559322,171.08342471760474,963.4018366666667,25.35807017857143,0.75,1.0,SUI
171.1728813559322,119.31396957123097,311.307212875,24.749134500000004,0.8666666666666667,1.0,SUI
171.1728813559322,171.87605633802815,56.070910915254245,30.34601824561404,0.016666666666666666,1.0,SUI
171.1728813559322,168.32049383521155,74.22914275438598,34.207642672413805,0.05,1.0,SUI
171.1728813559322,170.92482038843295,424.3701553902439,18.059036120689658,0.31666666666666665,1.0,SUI
171.1728813559322,171.40479174865155,75.21922944827587,30.92537618644068,0.03333333333333333,1.0,SUI
171.1728813559322,172.34764259565196,57.809247864406785,10.148158879310346,0.016666666666666666,1.0,SUI
171.1728813559322,172.2924990920053,36.378184305084744,12.039257931034482,0.016666666666666666,1.0,SUI
171.1728813559322,172.17198335644935,69.34952866666667,15.62307724137931,0.0,1.0,SUI
171.1728813559322,166.3684799460164,41.86134811864407,28.176653333333334,0.016666666666666666,1.0,SUI
171.1728813559322,157.58066440338058,55.47995845762712,10.755206886792454,0.016666666666666666,1.0,SUI
171.1728813559322,9.74453274370162,58.603229305084746,1070.4956725000002,0.016666666666666666,1.0,SUI
171.1728813559322,94.81221314240649,65.41135281034484,51.62725551724139,0.03333333333333333,1.0,SUI
171.1728813559322,171.04563568721215,246.7962122037037,4.61792301724138,0.1,1.0,SUI
171.1728813559322,162.6846420557739,1116.2500393333332,26.130577363636366,0.95,1.0,SUI
171.1728813559322,168.20645522590445,282.1504605,43.03493043103448,0.5,1.0,SUI
171.1728813559322,166.08642395372576,37.30709294915255,41.49396122807018,0.016666666666666666,1.0,SUI
171.1728813559322,168.96037994043323,141.4949029642857,11.002581315789476,0.06666666666666667,1.0,SUI
171.1728813559322,172.47099687391457,74.19167616949153,29.225928620689658,0.016666666666666666,1.0,SUI
171.1728813559322,303.2083531091128,72.53733393103448,15.020195,0.03333333333333333,1.0,SUI
171.1728813559322,167.8633000099443,55.12862643103448,34.85833836206897,0.03333333333333333,1.0,SUI
171.1728813559322,147.13509345145775,62.53623362711865,32.77851295918368,0.016666666666666666,1.0,SUI
171.1728813559322,127.16105570419946,964.681131,20.974328837209306,0.9333333333333333,1.0,SUI
171.1728813559322,169.0814838246268,58.03913379661017,14.41094903508772,0.016666666666666666,1.0,SUI
171.1728813559322,55.444549413904056,314.74203630000005,98.98749833333333,0.16666666666666666,1.0,SUI
171.1728813559322,170.8082438816469,396.3469098636364,23.670175431034483,0.26666666666666666,1.0,SUI
171.1728813559322,171.5198404203369,79.60145565517242,16.636140344827588,0.03333333333333333,1.0,SUI
171.1728813559322,67.43652100757406,557.459268894737,183.43228071428572,0.6833333333333333,1.0,SUI
171.1728813559322,168.95147561247506,39.95328193220339,37.69988301724138,0.016666666666666666,1.0,SUI
171.1728813559322,111.93839691984599,117.71123210169492,21.698492162162164,0.016666666666666666,1.0,SUI
171.1728813559322,171.09184661764286,975.7937586666667,31.662111403508774,0.75,1.0,SUI
171.1728813559322,172.30126765530233,65.60344345762712,29.56368114035088,0.016666666666666666,1.0,SUI
171.1728813559322,11.322192810714744,351.34557850000004,914.9783625000001,0.36666666666666664,1.0,SUI
171.1728813559322,171.1728813559322,87.3210362586207,4.6788462711864405,0.03333333333333333,1.0,SUI
171.1728813559322,171.5115973298175,95.58943712068967,30.625927321428573,0.03333333333333333,1.0,SUI
171.1728813559322,16.122872688626668,949.6151076666666,593.98269,0.95,1.0,SUI
171.1728813559322,169.58068928725197,35.70702966666667,29.344529137931037,0.0,1.0,SUI
171.1728813559322,161.40465336612996,62.23089503508773,12.656433818181819,0.05,1.0,SUI
171.1728813559322,171.23092573753814,439.91382100000004,22.93777779661017,0.9666666666666667,1.0,SUI
171.1728813559322,168.6117162931983,98.26768769491525,29.314878421052633,0.016666666666666666,1.0,SUI
171.1728813559322,39.483219054492956,45.04291046428572,180.91666666666666,0.06666666666666667,1.0,SUI
171.1728813559322,41.818183929960355,51.45731816666667,201.66955166666668,0.0,1.0,SUI
171.1728813559322,171.23142828348992,117.66914677586207,21.640400423728813,0.03333333333333333,1.0,SUI
171.1728813559322,28.077135959318976,1217.8555394615387,242.5664828571429,0.7833333333333333,1.0,SUI
171.1728813559322,169.75561866349497,395.413821,24.050828793103452,0.9333333333333333,1.0,SUI
171.1728813559322,172.23066898616713,50.91778208333334,17.153978620689657,0.0,1.0,SUI
171.1728813559322,65.01242138168622,1019.9473591250002,70.08864380952382,0.8666666666666667,1.0,SUI
171.1728813559322,171.16049397780873,117.80163150847459,12.556281465517241,0.016666666666666666,1.0,SUI
171.1728813559322,170.31784654637954,58.28735659322034,28.53178210526316,0.016666666666666666,1.0,SUI
171.1728813559322,171.57555534597347,919.7042516818182,29.83800552631579,0.6333333333333333,1.0,SUI
171.1728813559322,166.7693110876494,47.365861932203394,34.685728947368425,0.016666666666666666,1.0,SUI
171.1728813559322,50.61055489428021,68.69116332758621,152.9217453846154,0.03333333333333333,1.0,SUI
171.1728813559322,173.73617398658382,81.92493220689656,36.062698103448284,0.03333333333333333,1.0,SUI
171.1728813559322,171.81401832168558,104.19310324137932,28.965666465517245,0.03333333333333333,1.0,SUI
171.1728813559322,170.98826432979033,1097.2740549285716,20.490816724137932,0.7666666666666667,1.0,SUI
171.1728813559322,173.33431408606103,83.42382998305085,25.87461563636364,0.016666666666666666,1.0,SUI
171.1728813559322,170.28106263793163,83.74813176271186,32.411853189655176,0.016666666666666666,1.0,SUI
171.1728813559322,165.80093578475046,38.43225905084746,32.91152149122807,0.016666666666666666,1.0,SUI
171.1728813559322,182.88110858159862,75.49459385714286,23.459597129629632,0.06666666666666667,1.0,SUI
171.1728813559322,168.6625476309953,46.45412837288136,29.962980431034484,0.016666666666666666,1.0,SUI
171.1728813559322,171.69519847097413,61.418882637931034,5.5179875,0.03333333333333333,1.0,SUI
171.1728813559322,168.84248218780698,309.32663981818183,45.768741140350876,0.08333333333333333,1.0,SUI
171.1728813559322,163.27336860670192,51.08696811864407,33.24554907407408,0.016666666666666666,1.0,SUI
171.1728813559322,45.52484457898659,42.91608888135594,142.9353717857143,0.016666666666666666,1.0,SUI
171.1728813559322,161.95901326575228,64.40268582758621,12.873313490566039,0.03333333333333333,1.0,SUI
171.1728813559322,171.86988567986,221.95048672727273,6.321915689655174,0.08333333333333333,1.0,SUI
171.1728813559322,171.4585635359116,1170.0656183333333,4.521121206896552,0.75,1.0,SUI
171.1728813559322,45.668217054263565,39.121445074074074,105.53846153846153,0.1,1.0,SUI
171.1728813559322,171.63166888297167,37.823274898305094,27.341604017857144,0.016666666666666666,1.0,SUI
171.1728813559322,171.46163812253718,38.193876593220345,22.207791896551726,0.016666666666666666,1.0,SUI
171.1728813559322,166.2556406871355,979.7094267142859,32.49502412280702,0.7666666666666667,1.0,SUI
171.1728813559322,126.8474185246587,68.55291003508772,21.97516011904762,0.05,1.0,SUI
171.1728813559322,36.62050391650427,79.68122710169492,202.798269,0.016666666666666666,1.0,SUI
171.1728813559322,171.28062006424054,68.54204048275864,29.087549913793104,0.03333333333333333,1.0,SUI
171.1728813559322,165.07639366827254,461.5161493720931,20.64625732142857,0.2833333333333333,1.0,SUI
171.1728813559322,75.22657315233123,1242.0338423636363,43.78599543478261,0.8166666666666667,1.0,SUI
171.1728813559322,165.8597108285442,62.905808457627124,44.08164561403509,0.016666666666666666,1.0,SUI
171.1728813559322,171.11437445106372,129.15737907017544,8.794409745762712,0.05,1.0,SUI
171.1728813559322,170.75357268255084,719.2076514166666,26.27601129310345,0.6,1.0,SUI
171.1728813559322,157.1447579225865,71.65421237931034,29.88891537735849,0.03333333333333333,1.0,SUI
171.1728813559322,171.0104791633465,40.03632400000001,31.093112181818185,0.0,1.0,SUI
171.1728813559322,171.0451257320014,69.31010608474577,6.4393910344827585,0.016666666666666666,1.0,SUI
171.1728813559322,165.63361580055005,193.1834983148148,40.58502105263158,0.1,1.0,SUI
171.1728813559322,168.0322416533641,79.32761394642857,36.3671425862069,0.06666666666666667,1.0,SUI
171.1728813559322,171.33361982888016,32.785336593220336,25.14384324561404,0.016666666666666666,1.0,SUI
171.1728813559322,165.9160870130978,68.60353281034483,36.174831228070175,0.03333333333333333,1.0,SUI
171.1728813559322,171.9365973934484,80.36740811864408,32.24234333333333,0.016666666666666666,1.0,SUI
171.1728813559322,172.4142199550147,57.88515798275862,12.110014137931035,0.03333333333333333,1.0,SUI
171.1728813559322,89.59490742092,71.42934031034484,39.11299862068966,0.03333333333333333,1.0,SUI
171.1728813559322,143.28968746238183,62.86879996551724,18.695170520833333,0.03333333333333333,1.0,SUI
171.1728813559322,28.20923748284777,82.03223913559323,372.5129825,0.016666666666666666,1.0,SUI
171.1728813559322,37.184449740146356,676.7998171666667,196.90673045454548,0.5,1.0,SUI
171.1728813559322,84.06356325020356,62.72228028571429,81.396538,0.18333333333333332,1.0,SUI
171.1728813559322,167.8055891223828,1229.913821,34.5997176724138,0.95,1.0,SUI
171.1728813559322,54.86656116977154,1307.4296885,140.52992088235294,0.8,1.0,SUI
171.1728813559322,168.43565983069846,618.2629708076923,22.208552368421053,0.5666666666666667,1.0,SUI
171.1728813559322,44.925036283399145,56.56925176271187,168.005409375,0.016666666666666666,1.0,SUI
171.1728813559322,172.53144310619876,1124.931131,8.241826982758623,0.7,1.0,SUI
171.1728813559322,139.34819321049483,53.83819703448277,11.85401021276596,0.03333333333333333,1.0,SUI
171.1728813559322,14.94849023090586,1648.8113648888889,1026.0,0.85,1.0,SUI
171.1728813559322,37.13437625350982,48.870375745762715,194.3,0.016666666666666666,1.0,SUI
171.1728813559322,170.86854783207158,331.608894125,34.30079448275862,0.2,1.0,SUI
171.1728813559322,171.3220073057812,2119.913821,31.714749375000004,0.9666666666666667,1.0,SUI
171.1728813559322,64.87554572152807,1298.3856764545455,89.8181788095238,0.8166666666666667,1.0,SUI
171.1728813559322,171.39835453727406,57.51657650847457,18.0606775862069,0.016666666666666666,1.0,SUI
171.1728813559322,82.27932960893854,77.24410529824561,49.56773666666667,0.05,1.0,SUI
171.1728813559322,120.22931470337053,604.9868141818182,32.1887058974359,0.6333333333333333,1.0,SUI
171.1728813559322,39.959473173017145,33.16966015254237,176.99783625,0.016666666666666666,1.0,SUI
171.1728813559322,173.64709652704312,2601.922476,8.105800701754385,0.9833333333333333,1.0,SUI
171.1728813559322,161.05678918127322,732.2824008214286,27.151994814814817,0.5333333333333333,1.0,SUI
171.1728813559322,167.6608142638394,84.75829475,14.963479000000001,0.3333333333333333,1.0,SUI
171.1728813559322,171.04665560675605,1158.096961,7.424020948275863,0.7833333333333333,1.0,SUI
171.1728813559322,172.54436196535877,47.821483931034486,36.83731614035088,0.03333333333333333,1.0,SUI
171.1728813559322,166.20197221326097,81.52656745454547,22.47565815789474,0.08333333333333333,1.0,SUI
171.1728813559322,170.93909346262163,67.58751778571428,19.46114779661017,0.06666666666666667,1.0,SUI
171.1728813559322,170.3969204094953,48.0273189661017,11.89491025862069,0.016666666666666666,1.0,SUI
171.1728813559322,170.81702523710496,65.83595867241381,30.204720909090913,0.03333333333333333,1.0,SUI
171.1728813559322,86.51683800070896,59.183552896551724,43.533859642857145,0.03333333333333333,1.0,SUI
171.1728813559322,89.85869761771767,39.392304583333335,37.87321642857143,0.0,1.0,SUI
171.1728813559322,168.66897028334486,63.750704813559324,12.410423684210526,0.016666666666666666,1.0,SUI
171.1728813559322,135.54760200429493,103.952542875,13.50039340909091,0.06666666666666667,1.0,SUI
171.1728813559322,170.75255625520055,724.6136234137931,33.48559387931035,0.5166666666666667,1.0,SUI
171.1728813559322,40.38724571976194,628.4879287586208,176.42315791666667,0.5166666666666667,1.0,SUI
171.1728813559322,171.75457898104113,64.55951168965518,33.72886429824562,0.03333333333333333,1.0,SUI
171.1728813559322,113.56818181818181,352.8100185555556,26.759563783783783,0.25,1.0,SUI
171.1728813559322,168.43515679345614,68.72598083050848,33.75833385964913,0.016666666666666666,1.0,SUI
171.1728813559322,156.49680060592922,1189.5491786923078,32.45478981132076,0.7833333333333333,1.0,SUI
171.1728813559322,62.650316284469135,70.52218168965517,82.75216375000001,0.03333333333333333,1.0,SUI
171.1728813559322,171.4585635359116,509.60828086842116,45.85580155172414,0.36666666666666664,1.0,SUI
171.1728813559322,171.63431786216594,254.905166,26.312752631578952,0.9833333333333333,1.0,SUI
171.1728813559322,171.33972293122773,51.25818893103449,10.105985086206896,0.03333333333333333,1.0,SUI
171.1728813559322,171.14340438541916,95.51722590740741,28.980906428571434,0.1,1.0,SUI
171.1728813559322,126.84587926857876,999.9787500476192,18.975984404761906,0.65,1.0,SUI
171.1728813559322,166.93893462943885,68.4977203220339,37.333788859649125,0.016666666666666666,1.0,SUI
171.1728813559322,43.21453745050134,74.38515798275863,125.3612759090909,0.03333333333333333,1.0,SUI
171.1728813559322,171.23092573753814,37.234068916666665,22.017829322033897,0.0,1.0,ECC
171.1728813559322,171.23092573753814,45.60131258333334,25.236994745762715,0.0,1.0,ECC
171.1728813559322,25.413185707096122,1047.5856556666668,359.00000000000006,0.9,1.0,ECC
171.1728813559322,168.09207853757616,67.72646976271187,44.62098810344828,0.016666666666666666,1.0,ECC
171.1728813559322,171.27298245614034,39.43707598275862,13.860560175438597,0.03333333333333333,1.0,ECC
171.1728813559322,171.34023464458247,22.711427644067797,5.036571896551725,0.016666666666666666,1.0,ECC
171.1728813559322,165.63556158805565,55.83691063793104,31.107692631578953,0.03333333333333333,1.0,ECC
171.1728813559322,171.5765428490054,58.93088645762712,31.345275258620692,0.016666666666666666,1.0,ECC
171.1728813559322,165.8092224144701,56.88288365517242,35.85782701754386,0.03333333333333333,1.0,ECC
171.1728813559322,172.59037408074812,51.79588001694916,22.22309336206897,0.016666666666666666,1.0,ECC
171.1728813559322,77.37245523833066,246.4400716923077,46.97619875,0.7833333333333333,1.0,ECC
171.1728813559322,171.57901120194225,56.46112158333334,30.359746271186445,0.0,1.0,ECC
171.1728813559322,168.54854039375422,56.868077474576275,32.51515224137931,0.016666666666666666,1.0,ECC
171.1728813559322,170.73382301504023,56.25368822413793,23.63340105263158,0.03333333333333333,1.0,ECC
171.1728813559322,168.54854039375422,62.82265772881357,41.8249001724138,0.016666666666666666,1.0,ECC
171.1728813559322,171.22155795772963,25.939248067796612,9.14255698275862,0.016666666666666666,1.0,ECC
171.1728813559322,170.53897469074766,47.648061166666665,31.779367627118646,0.0,1.0,ECC
171.1728813559322,39.41933691427049,1322.3443106666668,187.0916959090909,0.8,1.0,ECC
171.1728813559322,171.81555790214713,59.7539866724138,28.612212982456143,0.03333333333333333,1.0,ECC
171.1728813559322,171.28750085483048,46.903686916666665,31.083718898305086,0.0,1.0,ECC
171.1728813559322,167.9225251061581,44.19817959322034,26.63793103448276,0.016666666666666666,1.0,ECC
171.1728813559322,171.2790860013945,72.50986561016948,52.36177051724138,0.016666666666666666,1.0,ECC
171.1728813559322,171.1708725642006,52.87035358333334,35.052607796610175,0.0,1.0,ECC
171.1728813559322,28.042947056645687,604.3213412222223,150.08821625000002,0.85,1.0,ECC
171.1728813559322,165.86019860006152,59.126949,27.737905,0.03333333333333333,1.0,ECC
171.1728813559322,168.7208495681118,64.37420493220338,39.76556560344828,0.016666666666666666,1.0,ECC
171.1728813559322,171.17237915357913,59.472373083333345,31.425929237288138,0.0,1.0,ECC
171.1728813559322,132.91559569831986,182.65881013636366,53.75355360465117,0.26666666666666666,1.0,ECC
171.1728813559322,172.27995379904445,42.64019375,24.05158093220339,0.0,1.0,ECC
171.1728813559322,173.27724570172305,71.42938494827587,35.772233508771926,0.03333333333333333,1.0,ECC
171.1728813559322,169.5079854152504,86.76082549122809,36.392393482142865,0.05,1.0,ECC
171.1728813559322,165.81967006834887,50.928589964912284,24.12917294642857,0.05,1.0,ECC
171.1728813559322,129.6128806440322,293.3727069545455,65.73371953488373,0.26666666666666666,1.0,ECC
171.1728813559322,171.16304722509477,38.19135238983051,22.566577931034484,0.016666666666666666,1.0,ECC
171.1728813559322,88.0266111803064,593.6895961428572,74.02197092592593,0.5333333333333333,1.0,ECC
171.1728813559322,171.22360200718143,68.3548294237288,37.343484568965515,0.016666666666666666,1.0,ECC
171.1728813559322,171.93403327183447,54.921565440677966,27.03552732758621,0.016666666666666666,1.0,ECC
171.1728813559322,170.99798172195608,43.89697350000001,25.373468135593225,0.0,1.0,ECC
171.1728813559322,171.1728813559322,52.67828733333334,28.168611355932203,0.0,1.0,ECC
171.1728813559322,171.4471166012908,63.23184636842107,29.67888053571429,0.05,1.0,ECC
171.1728813559322,159.5460305292703,66.18657640384616,29.154147450980393,0.13333333333333333,1.0,ECC
171.1728813559322,171.40479174865155,28.91436141666667,9.466575508474577,0.0,1.0,ECC
171.1728813559322,171.63636363636363,44.88840061016949,23.64210931034483,0.016666666666666666,1.0,ECC
171.1728813559322,171.22891558322905,37.48088383333334,21.33106152542373,0.0,1.0,ECC
171.1728813559322,171.22206896551722,29.084884000000002,15.393337413793104,0.016666666666666666,1.0,ECC
171.1728813559322,166.08740216840135,64.19807227586207,37.77162614035088,0.03333333333333333,1.0,ECC
171.1728813559322,171.75407365513146,34.329146033898304,22.838560172413793,0.016666666666666666,1.0,ECC
171.1728813559322,171.22666817286802,69.97453408474577,51.71682594827587,0.016666666666666666,1.0,ECC
171.1728813559322,151.06431048036148,131.29646842307693,44.242174019607845,0.13333333333333333,1.0,ECC
171.1728813559322,151.64103068693228,88.54698811764705,28.871968787878792,0.43333333333333335,1.0,ECC
171.1728813559322,171.32783263198775,62.80372698245615,35.57791982142858,0.05,1.0,ECC
171.1728813559322,171.46450528033495,49.417102166666666,20.6698186440678,0.0,1.0,ECC
171.1728813559322,168.4913471326773,69.10352603389832,35.94887275862069,0.016666666666666666,1.0,ECC
171.1728813559322,168.77720572171467,54.97035916949153,23.548590431034484,0.016666666666666666,1.0,ECC
171.1728813559322,171.22941811738167,54.945308833333335,35.101841610169494,0.0,1.0,ECC
171.1728813559322,165.97103624733302,55.006775637931035,29.73911973684211,0.03333333333333333,1.0,ECC
171.1728813559322,165.42355380043017,73.30516837500001,34.96473790909091,0.06666666666666667,1.0,ECC
171.1728813559322,168.77621268716436,63.155027728813565,37.13778181034483,0.016666666666666666,1.0,ECC
171.1728813559322,171.28498650866152,68.34256808333333,45.56166915254238,0.0,1.0,ECC
171.1728813559322,170.99697937168102,57.906349750000004,23.576857966101695,0.0,1.0,ECC
171.1728813559322,171.1733835612321,52.365016333333344,29.045419745762715,0.0,1.0,ECC
171.1728813559322,171.63834126444596,36.09530883333334,21.397165254237287,0.0,1.0,ECC
171.1728813559322,171.81607654132435,58.87415942372882,31.977305948275866,0.016666666666666666,1.0,ECC
171.1728813559322,171.62734988027,17.650258216666664,2.314800474576271,0.0,1.0,ECC
171.1728813559322,46.42348093550729,682.4986604285715,151.3866126923077,0.7666666666666667,1.0,ECC
171.1728813559322,155.34044298605414,185.07901244444446,43.177490681818185,0.25,1.0,ECC
171.1728813559322,171.27959735262323,33.83959510169492,16.90976405172414,0.016666666666666666,1.0,ECC
171.1728813559322,172.1735334555465,48.11122162711865,31.786089913793106,0.016666666666666666,1.0,ECC
171.1728813559322,171.21951395708052,23.13851866101695,5.821605258620689,0.016666666666666666,1.0,ECC
171.1728813559322,172.17918871252203,61.83309943103449,30.5414301754386,0.03333333333333333,1.0,ECC
171.1728813559322,172.23941752570263,74.60254486206897,35.74846412280702,0.03333333333333333,1.0,ECC
171.1728813559322,166.0367750598755,57.72031865517241,37.69423210526316,0.03333333333333333,1.0,ECC
171.1728813559322,171.0425760015582,20.44242984745763,2.660463879310345,0.016666666666666666,1.0,ECC
171.1728813559322,171.99358801680094,66.94459654237289,32.12889698275862,0.016666666666666666,1.0,ECC
171.1728813559322,171.05741209414015,53.47295008333334,30.778634152542374,0.0,1.0,ECC
171.1728813559322,168.78410011094073,72.57192994827587,51.659599912280704,0.03333333333333333,1.0,ECC
171.1728813559322,172.90896701791067,71.48923581034484,39.878407719298245,0.03333333333333333,1.0,ECC
171.1728813559322,171.6368264615231,44.393367250000004,26.8186936440678,0.0,1.0,ECC
171.1728813559322,168.43419267299862,58.766370779661024,33.80086310344828,0.016666666666666666,1.0,ECC
171.1728813559322,166.3093438325056,37.5950716724138,14.18523850877193,0.03333333333333333,1.0,ECC
171.1728813559322,171.09340372008734,29.745549517241383,8.581832368421054,0.03333333333333333,1.0,ECC
171.1728813559322,171.40479174865155,46.74827175,27.050700762711866,0.0,1.0,ECC
171.1728813559322,172.54541773106428,67.59664451724137,36.54416333333334,0.03333333333333333,1.0,ECC
171.1728813559322,166.0299319727891,70.4293043448276,37.57257,0.03333333333333333,1.0,ECC
171.1728813559322,171.10202496481588,40.27329916949152,25.591578965517243,0.016666666666666666,1.0,ECC
171.1728813559322,171.2194839911659,38.447151049999995,24.14509479661017,0.0,1.0,ECC
171.1728813559322,171.0549044983761,53.915371166666674,33.362973559322036,0.0,1.0,ECC
171.1728813559322,28.17838996728782,798.3280728888889,213.74783625,0.85,1.0,ECC
171.1728813559322,163.36083188908145,106.45087855357144,35.121365272727274,0.06666666666666667,1.0,ECC
171.1728813559322,168.48986262664297,70.32854747457627,49.02425491379311,0.016666666666666666,1.0,ECC
171.1728813559322,168.09109354880522,53.80804391525424,30.319895172413794,0.016666666666666666,1.0,ECC
171.1728813559322,136.79549969604258,274.2119698695652,59.814913555555556,0.23333333333333334,1.0,ECC
171.1728813559322,171.39221671373897,73.9518491724138,38.46069561403509,0.03333333333333333,1.0,ECC
171.1728813559322,171.81710566963594,39.963599423728816,17.00044767241379,0.016666666666666666,1.0,ECC
171.1728813559322,171.29454141683024,59.14711775000001,40.70849042372882,0.0,1.0,ECC
171.1728813559322,171.07972821499888,68.50639242105264,37.03895991071428,0.05,1.0,ECC
171.1728813559322,171.16202591703941,52.30154383050848,38.25384551724138,0.016666666666666666,1.0,ECC
171.1728813559322,171.1538558913446,25.04965366101695,9.252329310344829,0.016666666666666666,1.0,ECC
171.1728813559322,171.38533404065794,54.8481590877193,31.43298241071429,0.05,1.0,ECC
171.1728813559322,153.36010685449045,142.94361808163265,44.13916177083334,0.18333333333333332,1.0,ECC
171.1728813559322,172.17250005304714,47.619842898305095,26.48320629310345,0.016666666666666666,1.0,ECC
171.1728813559322,168.66205178664524,60.04093120338983,29.66054448275862,0.016666666666666666,1.0,ECC
171.1728813559322,172.36000164991427,77.17121193103448,32.52646763157895,0.03333333333333333,1.0,ECC
171.1728813559322,171.1703703736346,32.512264,16.540759237288135,0.0,1.0,ECC
171.1728813559322,170.47840952691797,62.89768316666666,45.35710576271187,0.0,1.0,ECC
171.1728813559322,171.22206896551722,32.50875950847458,13.142109310344829,0.016666666666666666,1.0,ECC
171.1728813559322,168.26394871194586,49.8976306101695,23.53000603448276,0.016666666666666666,1.0,ECC
171.1728813559322,170.25432811047827,99.97139753448276,33.0713901754386,0.03333333333333333,1.0,ECC
171.1728813559322,171.0549044983761,41.476112,22.686181016949153,0.0,1.0,ECC
171.1728813559322,171.1625365695436,65.15422679661017,35.163976637931036,0.016666666666666666,1.0,ECC
171.1728813559322,168.3205202907511,63.706989625,35.24187136363637,0.06666666666666667,1.0,ECC
171.1728813559322,171.33869951368774,49.31953162711865,36.646069741379314,0.016666666666666666,1.0,ECC
171.1728813559322,160.30427251023684,61.96090807407408,20.819322547169815,0.1,1.0,ECC
171.1728813559322,168.2619826779797,59.66717215789474,26.738325,0.05,1.0,ECC
171.1728813559322,171.6332732166106,70.36713451724137,36.35057350877193,0.03333333333333333,1.0,ECC
171.1728813559322,84.93211009174311,164.3013778636364,61.51226952380952,0.6333333333333333,1.0,ECC
171.1728813559322,171.69362920544023,66.64286522807018,31.78509607142857,0.05,1.0,ECC
171.1728813559322,170.6913184370154,61.9778962881356,45.04217379310345,0.016666666666666666,1.0,ECC
171.1728813559322,174.760674030796,64.54960978947369,31.76816625,0.05,1.0,ECC
171.1728813559322,171.15845143482437,40.966894169491525,23.388344396551727,0.016666666666666666,1.0,ECC
171.1728813559322,171.33972293122773,63.44508213559323,28.727271637931036,0.016666666666666666,1.0,ECC
171.1728813559322,77.50104130827225,636.2057478636364,83.86250071428572,0.6333333333333333,1.0,ECC
171.1728813559322,171.2885066139672,65.82567925000001,39.083718898305094,0.0,1.0,ECC
171.1728813559322,165.80386038301236,56.80263374137932,36.145057982456144,0.03333333333333333,1.0,ECC
171.1728813559322,171.9971811134602,62.93968141379311,30.356039824561403,0.03333333333333333,1.0,ECC
171.1728813559322,167.79874448328172,41.98788081034483,27.927780789473683,0.03333333333333333,1.0,ECC
171.1728813559322,163.8404242998124,64.13850891228071,31.21289473214286,0.05,1.0,ECC
171.1728813559322,162.7773857511475,60.7093144385965,37.51986633928572,0.05,1.0,ECC
171.1728813559322,120.5108901183765,71.19840983333334,30.584635487804878,0.3,1.0,ECC
171.1728813559322,169.41062222827176,49.21945035593221,15.808703362068965,0.016666666666666666,1.0,ECC
171.1728813559322,168.09158604174775,68.70944137288136,42.823557155172416,0.016666666666666666,1.0,ECC
171.1728813559322,168.37806531851834,61.4518183220339,37.74615448275862,0.016666666666666666,1.0,ECC
171.1728813559322,168.61902054007473,127.81961292857144,46.276504,0.06666666666666667,1.0,ECC
171.1728813559322,168.72531538431753,54.43406823728814,33.2529501724138,0.016666666666666666,1.0,ECC
171.1728813559322,171.5692221763756,62.459448824561406,33.19109026785715,0.05,1.0,ECC
171.1728813559322,171.09998381706427,38.97064077966102,31.75563620689655,0.016666666666666666,1.0,ECC
171.1728813559322,170.89846811542571,64.38822268421053,36.30264410714286,0.05,1.0,ECC
171.1728813559322,171.8771039410807,65.43505546551724,29.71595771929825,0.03333333333333333,1.0,ECC
171.1728813559322,171.75669876931022,73.64886908771929,37.129172946428575,0.05,1.0,ECC
171.1728813559322,169.07438747081227,67.60365805172414,34.194349035087725,0.03333333333333333,1.0,ECC
171.1728813559322,171.6379041058348,21.23882586440678,5.101278534482759,0.016666666666666666,1.0,ECC
171.1728813559322,168.37164129463903,62.65404637288135,42.77601129310345,0.016666666666666666,1.0,ECC
171.1728813559322,170.83144200052982,35.2154375,16.17917338983051,0.0,1.0,ECC
171.1728813559322,168.77472315724896,46.34073493220339,25.55351482758621,0.016666666666666666,1.0,ECC
171.1728813559322,171.87194523823322,87.40509010169492,39.46700948275862,0.016666666666666666,1.0,ECC
171.1728813559322,171.16304722509477,60.25085484745763,45.32340793103449,0.016666666666666666,1.0,ECC
171.1728813559322,171.27550662828267,28.069322559322035,12.930953879310346,0.016666666666666666,1.0,ECC
171.1728813559322,171.22690547611558,22.37885275,3.660204237288136,0.0,1.0,ECC
171.1728813559322,165.8577597711638,65.28263770689657,34.65701859649123,0.03333333333333333,1.0,ECC
171.1728813559322,169.12510861344526,54.411037135593226,26.35363181034483,0.016666666666666666,1.0,ECC
171.1728813559322,171.20289730154312,75.58849356140351,37.71660401785715,0.05,1.0,ECC
171.1728813559322,165.69129869036317,68.81682201724138,45.580617631578946,0.03333333333333333,1.0,ECC
171.1728813559322,170.4498441831711,40.44417840677966,26.018435172413795,0.016666666666666666,1.0,ECC
171.1728813559322,164.28541845558107,84.84581163157897,24.53679616071429,0.05,1.0,ECC
171.1728813559322,171.22155795772963,19.36920552542373,3.880125086206897,0.016666666666666666,1.0,ECC
171.1728813559322,162.9477158031694,62.69700075925927,31.12235245283019,0.1,1.0,ECC
171.1728813559322,171.05640904701207,45.112119750000005,24.875341440677968,0.0,1.0,ECC
171.1728813559322,171.28317689671752,49.63341806779661,32.89005448275862,0.016666666666666666,1.0,ECC
171.1728813559322,170.6321544797625,40.6536619661017,27.92342405172414,0.016666666666666666,1.0,ECC
171.1728813559322,171.99204115613702,70.07549552542373,32.575232931034485,0.016666666666666666,1.0,ECC
171.1728813559322,165.80386038301236,57.456773568965524,31.167460789473687,0.03333333333333333,1.0,ECC
171.1728813559322,170.9253296265364,46.88618840677967,29.976491206896554,0.016666666666666666,1.0,ECC
171.1728813559322,170.94059597465872,87.73296966666668,36.50891466101695,0.0,1.0,ECC
171.1728813559322,164.3166489172879,148.75801154545454,33.576959074074075,0.08333333333333333,1.0,ECC
171.1728813559322,171.99410364320542,52.44015018644068,24.879011896551724,0.016666666666666666,1.0,ECC
171.1728813559322,171.40479174865155,49.3837025,22.71171771186441,0.0,1.0,ECC
171.1728813559322,168.31950616768614,49.79505552542373,30.871171637931038,0.016666666666666666,1.0,ECC
171.1728813559322,163.08259630409657,81.85409078571429,39.933724636363635,0.06666666666666667,1.0,ECC
171.1728813559322,165.74415072156336,68.45011512068966,42.519400877192986,0.03333333333333333,1.0,ECC
171.1728813559322,172.89292798219884,77.36847205084746,40.561423706896555,0.016666666666666666,1.0,ECC
171.1728813559322,171.92630460168678,39.63553925423729,25.159580517241384,0.016666666666666666,1.0,ECC
171.1728813559322,170.16637175803547,76.73908552542375,35.55575318965517,0.016666666666666666,1.0,ECC
171.1728813559322,162.0294450736127,52.00136262745098,18.216884200000003,0.15,1.0,ECC
171.1728813559322,170.87624193765294,44.468034,25.034191694915254,0.0,1.0,ECC
171.1728813559322,171.51778929188256,36.24373425423729,23.28415,0.016666666666666666,1.0,ECC
171.1728813559322,173.49493305428174,73.06199959322034,34.037616465517246,0.016666666666666666,1.0,ECC
171.1728813559322,168.26345520847332,73.33280162711866,53.822730431034486,0.016666666666666666,1.0,ECC
171.1728813559322,172.47151536678203,49.43253383050848,19.609864913793103,0.016666666666666666,1.0,ECC
171.1728813559322,167.56733577553265,68.79017951724138,37.31867447368421,0.03333333333333333,1.0,ECC
171.1728813559322,171.6987954074846,30.828446288135595,9.24884051724138,0.016666666666666666,1.0,ECC
171.1728813559322,171.16560054855694,19.522842220338983,2.2871225,0.016666666666666666,1.0,ECC
171.1728813559322,171.22206896551722,44.26720544067796,32.40961482758621,0.016666666666666666,1.0,ECC
171.1728813559322,171.1733835612321,48.09032641666667,24.156277203389834,0.0,1.0,ECC
171.1728813559322,171.1728813559322,52.26912166666667,30.745762711864412,0.0,1.0,ECC
171.1728813559322,171.2230909902431,70.05788035593221,38.42035896551724,0.016666666666666666,1.0,ECC
171.1728813559322,170.6301245271153,48.39738272881356,26.30959870689655,0.016666666666666666,1.0,ECC
171.1728813559322,172.35178469444517,59.66204713559323,24.294148017241383,0.016666666666666666,1.0,ECC
171.1728813559322,168.60725904498508,55.89000247457628,34.182641637931034,0.016666666666666666,1.0,ECC
171.1728813559322,174.29820413825274,34.013772833333334,15.264438474576272,0.0,1.0,ECC
171.1728813559322,169.23740124413504,59.28739366101695,33.035228879310345,0.016666666666666666,1.0,ECC
171.1728813559322,166.1424649547195,58.21599115517242,22.14445061403509,0.03333333333333333,1.0,ECC
171.1728813559322,172.2301519403763,62.26141688135594,32.50373060344828,0.016666666666666666,1.0,ECC
171.1728813559322,56.21039962819385,517.1020040000001,126.41787411764707,0.7,1.0,ECC
171.1728813559322,55.828063230389446,500.94351150000006,130.79457727272728,0.8,1.0,ECC
171.1728813559322,171.11788754723833,37.34321141666667,15.749870169491528,0.0,1.0,ECC
171.1728813559322,71.16470588235293,578.578524652174,96.63715045454546,0.6166666666666667,1.0,ECC
171.1728813559322,174.9663848972618,60.653154423728814,32.997761637931035,0.016666666666666666,1.0,ECC
171.1728813559322,169.37381320324994,53.79972986206897,28.700691491228074,0.03333333333333333,1.0,ECC
171.1728813559322,171.7535851762452,50.46154275000001,19.595420762711864,0.0,1.0,ECC
171.1728813559322,171.21951395708052,34.71925815254238,20.185993189655175,0.016666666666666666,1.0,ECC
171.1728813559322,61.494225227015306,869.4055778095238,100.99523975000001,0.65,1.0,ECC
171.1728813559322,168.49787788870148,75.963374,32.01862991071429,0.05,1.0,ECC
171.1728813559322,166.13903898330182,61.73142986206897,34.904081228070176,0.03333333333333333,1.0,ECC
171.1728813559322,170.82293898420684,46.50252133333334,28.504513813559328,0.0,1.0,ECC
171.1728813559322,59.576943233399284,291.77425742105265,84.97355416666667,0.6833333333333333,1.0,ECC
171.1728813559322,171.16936600134264,34.52920758333334,18.37625533898305,0.0,1.0,ECC
171.1728813559322,139.470209669966,129.4488825106383,35.477884565217394,0.21666666666666667,1.0,ECC
171.1728813559322,128.13172078196192,75.6894055909091,40.03061058139535,0.26666666666666666,1.0,ECC
171.1728813559322,168.7183686612562,51.89720230508475,29.833785000000002,0.016666666666666666,1.0,ECC
171.1728813559322,165.74999601523328,48.1646340862069,24.164575789473684,0.03333333333333333,1.0,ECC
171.1728813559322,169.29560177292873,60.30675738983051,27.783920172413794,0.016666666666666666,1.0,ECC
171.1728813559322,171.22992065448403,22.40316466666667,4.8375498305084745,0.0,1.0,ECC
171.1728813559322,171.2890094979647,49.39676291666667,35.22004559322034,0.0,1.0,ECC
171.1728813559322,171.75457898104113,70.98707805172414,31.65504464912281,0.03333333333333333,1.0,ECC
171.1728813559322,171.28062006424054,48.026024,31.663908017241386,0.016666666666666666,1.0,ECC
171.1728813559322,168.08813865175347,48.67935713559322,31.535607931034487,0.016666666666666666,1.0,ECC
171.1728813559322,171.28196939069502,56.58180408333334,38.9821706779661,0.0,1.0,ECC
171.1728813559322,171.28347793639182,47.09790533333334,21.522343135593225,0.0,1.0,ECC
171.1728813559322,168.14653689760098,67.08897967796611,48.026940948275865,0.016666666666666666,1.0,ECC
171.1728813559322,171.46400136534186,35.44378841666666,14.811132966101697,0.0,1.0,ECC
171.1728813559322,171.99461927270156,65.10065959322034,30.25638232758621,0.016666666666666666,1.0,ECC
171.1728813559322,170.5169903243651,42.79829459322034,28.397527672413794,0.016666666666666666,1.0,ECC
171.1728813559322,171.58002038735984,24.291492,9.024057966101696,0.0,1.0,ECC
171.1728813559322,172.11230502599653,40.11275603389831,25.82258120689655,0.016666666666666666,1.0,ECC
171.1728813559322,165.68837806164805,44.79286555172414,19.83534219298246,0.03333333333333333,1.0,ECC
171.1728813559322,172.17250005304714,46.60179942372882,18.970441637931035,0.016666666666666666,1.0,ECC
171.1728813559322,104.29528583524882,445.9931671944444,78.09164914285715,0.4,1.0,ECC
171.1728813559322,175.8864353312303,111.74453390566039,42.07825461538462,0.11666666666666667,1.0,ECC
171.1728813559322,171.05390148065587,65.45417441666666,42.44830610169492,0.0,1.0,ECC
171.1728813559322,168.37705601695768,68.90243201724138,44.07769771929824,0.03333333333333333,1.0,ECC
171.1728813559322,171.63739061293865,37.902539,24.834978793103453,0.016666666666666666,1.0,ECC
171.1728813559322,171.87451975561387,61.29451425423729,30.015898362068967,0.016666666666666666,1.0,ECC
171.1728813559322,168.84602056355303,68.93258727586208,45.58950649122807,0.03333333333333333,1.0,ECC
171.1728813559322,172.23118603506236,66.42739950847458,29.026045603448278,0.016666666666666666,1.0,ECC
171.1728813559322,171.16202591703941,49.28855544067797,38.954406034482766,0.016666666666666666,1.0,ECC
171.1728813559322,172.48391973439055,66.176584,31.78992921052632,0.03333333333333333,1.0,ECC
171.1728813559322,171.7617868479582,52.700334508474576,26.67972577586207,0.016666666666666666,1.0,ECC
171.1728813559322,171.34330498889858,60.42137323728814,29.866545689655176,0.016666666666666666,1.0,ECC
171.1728813559322,171.39835453727406,22.38445001694915,3.5280541379310346,0.016666666666666666,1.0,ECC
171.1728813559322,171.17187695417286,61.35691516666667,38.084519830508476,0.0,1.0,ECC
171.1728813559322,173.6855598271548,96.44775698245616,40.222786160714286,0.05,1.0,ECC
171.1728813559322,171.39784247670696,34.374779932203396,22.12024198275862,0.016666666666666666,1.0,ECC
171.1728813559322,171.5137034434294,67.41639046551724,35.02604701754386,0.03333333333333333,1.0,ECC
171.1728813559322,170.5164835164835,69.38123450847458,52.1415124137931,0.016666666666666666,1.0,ECC
171.1728813559322,166.085445750573,54.92139546551724,35.65998561403509,0.03333333333333333,1.0,ECC
171.1728813559322,172.05163610054717,32.324372559322036,24.626061724137934,0.016666666666666666,1.0,ECC
171.1728813559322,172.67766352534187,55.99123092982457,33.31972848214286,0.05,1.0,ECC
171.1728813559322,169.4141240789708,53.389968745762715,30.332361379310345,0.016666666666666666,1.0,ECC
171.1728813559322,167.56683791145605,55.364815551724135,23.67334771929825,0.03333333333333333,1.0,ECC
171.1728813559322,165.62972436268328,63.29465624137932,36.97250438596492,0.03333333333333333,1.0,ECC
171.1728813559322,171.28215415456657,25.376980355932204,9.253248620689655,0.016666666666666666,1.0,ECC
171.1728813559322,171.40142696492975,179.77715874576273,49.36027827586207,0.016666666666666666,1.0,ECC
171.1728813559322,173.3143106580659,77.31513077966103,37.292058879310346,0.016666666666666666,1.0,ECC
171.1728813559322,42.938775510204074,1055.5719436428571,127.0769230769231,0.7666666666666667,1.0,ECC
171.1728813559322,165.72809367108817,123.74028918181818,42.65792509259259,0.08333333333333333,1.0,ECC
171.1728813559322,171.63995810814447,40.73761857627119,13.435958879310347,0.016666666666666666,1.0,ECC
171.1728813559322,171.75972992880068,49.36861874576272,23.435958879310345,0.016666666666666666,1.0,ECC
171.1728813559322,170.6913184370154,28.460179932203392,13.85676551724138,0.016666666666666666,1.0,ECC
171.1728813559322,172.3512669212079,65.72213637288135,24.092772758620693,0.016666666666666666,1.0,ECC
171.1728813559322,139.63803465909433,78.37298035416667,39.33158638297873,0.2,1.0,ECC
171.1728813559322,165.68935159311263,43.2614239137931,22.91911359649123,0.03333333333333333,1.0,ECC
171.1728813559322,171.0844808905466,74.67894601754385,33.961194642857144,0.05,1.0,ECC
171.1728813559322,168.77869529545058,64.8952042542373,38.2110748275862,0.016666666666666666,1.0,ECC
171.1728813559322,168.60874562042787,46.1251576440678,22.50895344827586,0.016666666666666666,1.0,ECC
171.1728813559322,171.39733041919945,53.98656306779662,23.95185724137931,0.016666666666666666,1.0,ECC
171.1728813559322,171.81503447408542,62.13948382758621,27.385509385964912,0.03333333333333333,1.0,ECC
171.1728813559322,172.11333770602275,63.01019272881356,27.608521896551725,0.016666666666666666,1.0,ECC
171.1728813559322,171.21951395708052,22.18804586440678,6.396471120689656,0.016666666666666666,1.0,ECC
171.1728813559322,168.03617891920715,53.09779315254238,34.4343174137931,0.016666666666666666,1.0,ECC
171.1728813559322,165.91999191882402,58.702549000000005,32.91562122807018,0.03333333333333333,1.0,ECC
171.1728813559322,170.94159766402427,42.18275908333334,22.558814491525425,0.0,1.0,ECC
171.1728813559322,165.97250153553156,67.3507765,36.97888175438597,0.03333333333333333,1.0,ECC
171.1728813559322,172.72858808629152,66.62880831034484,37.05566842105264,0.03333333333333333,1.0,ECC
171.1728813559322,155.7958887812683,62.992847269230765,27.583992647058825,0.13333333333333333,1.0,ECC
171.1728813559322,172.60379007870955,70.39780606896554,38.49988307017544,0.03333333333333333,1.0,ECC
171.1728813559322,171.81555790214713,79.06806210344827,35.355432456140356,0.03333333333333333,1.0,ECC
171.1728813559322,172.11643582045622,60.396062474576276,41.79422862068966,0.016666666666666666,1.0,ECC
171.1728813559322,46.151351131979645,805.4878168571429,163.90376961538462,0.7666666666666667,1.0,ECC
171.1728813559322,171.27959735262323,20.009955016949153,3.5900061206896554,0.016666666666666666,1.0,ECC
171.1728813559322,170.45440199795914,49.04854755932204,32.15174025862069,0.016666666666666666,1.0,ECC
171.1728813559322,168.55250189247488,44.49950594915255,22.68756603448276,0.016666666666666666,1.0,ECC
171.1728813559322,85.31441015537341,509.5966722142857,66.73657351851851,0.5333333333333333,1.0,ECC
171.1728813559322,121.88616901738425,129.40939840476193,46.67237195121952,0.3,1.0,ECC
171.1728813559322,166.65001826857056,72.85435787931034,40.09758903508772,0.03333333333333333,1.0,ECC
171.1728813559322,163.5558025397402,72.5745240877193,34.411950714285716,0.05,1.0,ECC
171.1728813559322,160.7231882355515,222.7267559090909,46.561005,0.08333333333333333,1.0,ECC
171.1728813559322,168.86120226402122,79.5800515,35.727115363636365,0.06666666666666667,1.0,ECC
171.1728813559322,169.2379004771643,42.86013238983051,22.859084482758618,0.016666666666666666,1.0,ECC
171.1728813559322,168.3765828079606,44.51300188135593,22.43894336206897,0.016666666666666666,1.0,ECC
171.1728813559322,171.28498650866152,56.837652000000006,31.26421254237288,0.0,1.0,ECC
171.1728813559322,162.88792904070314,65.9052639122807,27.76306598214286,0.05,1.0,ECC
171.1728813559322,170.94109681787407,42.614427750000004,24.196055084745762,0.0,1.0,ECC
171.1728813559322,168.6625476309953,68.93667501694915,38.96715870689655,0.016666666666666666,1.0,ECC
171.1728813559322,170.99647820095018,36.21268516666667,15.355852966101697,0.0,1.0,ECC
171.1728813559322,171.2225799763551,26.69606857627119,12.029397155172413,0.016666666666666666,1.0,ECC
171.1728813559322,171.28699797969128,32.85785858333334,14.483964745762712,0.0,1.0,ECC
171.1728813559322,166.04776739356177,50.33770470175439,24.486161250000002,0.05,1.0,ECC
171.1728813559322,171.57295103278176,43.6433933220339,33.182262586206896,0.016666666666666666,1.0,ECC
171.1728813559322,165.69081191176028,65.24404529310345,39.32240070175438,0.03333333333333333,1.0,ECC
171.1728813559322,169.1802385008518,57.96726679661017,29.88110103448276,0.016666666666666666,1.0,ECC
171.1728813559322,171.0034948585276,42.657359500000005,18.435024322033897,0.0,1.0,ECC
171.1728813559322,168.09158604174775,65.58851764406779,49.176741293103454,0.016666666666666666,1.0,ECC
171.1728813559322,172.11230502599653,63.20287383050849,29.32758620689655,0.016666666666666666,1.0,ECC
171.1728813559322,171.05289847469837,48.15683725,28.368187118644066,0.0,1.0,ECC
171.1728813559322,171.5084130101433,59.98569478947368,24.27589392857143,0.05,1.0,ECC
171.1728813559322,168.84854806560068,84.40967537931036,28.40123114035088,0.03333333333333333,1.0,ECC
171.1728813559322,159.9104095793789,77.06455983333333,27.585722169811323,0.1,1.0,ECC
171.1728813559322,116.1607894307125,105.30094037500001,50.182935897435904,0.3333333333333333,1.0,ECC
171.1728813559322,169.1802385008518,62.02977061016949,35.745259137931036,0.016666666666666666,1.0,ECC
171.1728813559322,171.04002634713044,18.147241118644068,2.1880017241379313,0.016666666666666666,1.0,ECC
171.1728813559322,168.37510032350855,41.81581874576271,19.396850172413796,0.016666666666666666,1.0,ECC
171.1728813559322,147.6495803462649,114.38021920408164,45.215643229166666,0.18333333333333332,1.0,ECC
171.1728813559322,172.0521520750602,61.91883391525424,44.57591043103449,0.016666666666666666,1.0,ECC
171.1728813559322,168.959367590869,88.54901805172415,34.966582543859644,0.03333333333333333,1.0,ECC
171.1728813559322,171.56816000996977,66.84161768421053,33.11626151785715,0.05,1.0,ECC
171.1728813559322,130.67147696555799,102.51926757142857,42.4950962195122,0.3,1.0,ECC
171.1728813559322,169.0655305625356,64.26464416949153,34.802435948275864,0.016666666666666666,1.0,ECC
171.1728813559322,171.11588004604664,33.218466750000005,6.584846949152543,0.0,1.0,ECC
171.1728813559322,167.80902493214654,68.23630849152542,49.253547068965524,0.016666666666666666,1.0,ECC
171.1728813559322,171.22411302716998,52.82322094915254,33.812663793103454,0.016666666666666666,1.0,ECC
171.1728813559322,167.9788409529325,72.38929094915254,51.45260336206897,0.016666666666666666,1.0,ECC
171.1728813559322,170.9949747063838,46.72958558333334,20.598207966101697,0.0,1.0,ECC
171.1728813559322,171.0451257320014,49.808495779661015,29.98693689655173,0.016666666666666666,1.0,ECC
171.1728813559322,168.77770224337183,40.36069722033899,13.752054827586207,0.016666666666666666,1.0,ECC
171.1728813559322,171.57850661368525,46.51686841666667,31.825893474576276,0.0,1.0,ECC
171.1728813559322,165.91706322229777,69.58156089655174,40.36484666666667,0.03333333333333333,1.0,ECC
171.1728813559322,172.6509040333797,70.75794171186442,36.58561,0.016666666666666666,1.0,ECC
171.1728813559322,171.01926547469327,69.98850996491228,35.767857142857146,0.05,1.0,ECC
171.1728813559322,171.39835453727406,18.18891425423729,2.4902884482758623,0.016666666666666666,1.0,ECC
171.1728813559322,168.6057724957555,62.02126230508475,35.571651551724145,0.016666666666666666,1.0,ECC
171.1728813559322,172.34919585936802,66.40581179661018,32.05261948275862,0.016666666666666666,1.0,ECC
171.1728813559322,171.700336997839,37.04445188135594,26.54932456896552,0.016666666666666666,1.0,ECC
171.1728813559322,162.66460541824384,64.28058768421052,40.77125732142858,0.05,1.0,ECC
171.1728813559322,171.23042319453617,36.72742183333334,13.37654872881356,0.0,1.0,ECC
171.1728813559322,154.183201993377,75.32216607547171,29.938812403846153,0.11666666666666667,1.0,ECC
171.1728813559322,170.88424974834626,36.53419,16.310004915254236,0.0,1.0,ECC
171.1728813559322,157.27891012782771,100.21404563636365,43.023326851851856,0.08333333333333333,1.0,ECC
171.1728813559322,168.77968835921516,67.29436755932203,35.24436379310345,0.016666666666666666,1.0,ECC
171.1728813559322,171.203426124197,63.81928470175439,33.732213928571426,0.05,1.0,ECC
171.1728813559322,168.49233681789966,59.07181637288136,37.87572896551724,0.016666666666666666,1.0,ECC
171.1728813559322,171.99100993115212,64.54793883050849,30.88139948275862,0.016666666666666666,1.0,ECC
171.1728813559322,171.08289663602395,75.01204549122808,40.497990803571426,0.05,1.0,ECC
171.1728813559322,172.05675773617327,65.48467848275862,31.68124350877193,0.03333333333333333,1.0,ECC
171.1728813559322,156.50902076180682,105.79704201886793,39.08624384615385,0.11666666666666667,1.0,ECC
171.1728813559322,171.80990203033954,52.61227044067797,41.57650732758621,0.016666666666666666,1.0,ECC
171.1728813559322,175.1451219029452,82.0259683220339,35.87826577586207,0.016666666666666666,1.0,ECC
171.1728813559322,149.41565925662488,176.88120092307693,47.36465088235294,0.13333333333333333,1.0,ECC
171.1728813559322,171.8176841562008,61.56524952631579,31.75216375,0.05,1.0,ECC
171.1728813559322,171.87503466834548,34.471114593220335,24.365650344827586,0.016666666666666666,1.0,ECC
171.1728813559322,158.736920902527,110.41830201886793,38.763571730769236,0.11666666666666667,1.0,ECC
171.1728813559322,168.31506180725444,69.81032357627119,49.93879413793103,0.016666666666666666,1.0,ECC
171.1728813559322,171.10406616126807,41.46804577966102,27.075531379310345,0.016666666666666666,1.0,ECC
171.1728813559322,172.11178869063048,52.703415101694915,22.744811465517245,0.016666666666666666,1.0,ECC
171.1728813559322,171.23745906500733,52.67157391666667,34.15386262711865,0.0,1.0,ECC
171.1728813559322,172.05623283747423,73.69934667241381,35.387331491228075,0.03333333333333333,1.0,ECC
171.1728813559322,153.60008507013822,98.91957088679246,34.238924903846154,0.11666666666666667,1.0,ECC
171.1728813559322,171.57346749793982,56.410800551724144,28.0869600877193,0.03333333333333333,1.0,ECC
171.1728813559322,166.14197552158055,58.2545715862069,36.13731403508772,0.03333333333333333,1.0,ECC
171.1728813559322,171.51770520179747,41.33130500000001,25.276400000000002,0.0,1.0,ECC
171.1728813559322,165.36337680114823,123.65198794736844,45.93823723214286,0.05,1.0,ECC
171.1728813559322,171.22206896551722,22.608254000000002,7.159120862068965,0.016666666666666666,1.0,ECC
171.1728813559322,171.16508987777027,50.711404084745766,34.20682793103449,0.016666666666666666,1.0,ECC
171.1728813559322,171.05640904701207,43.74957,22.003960762711866,0.0,1.0,ECC
171.1728813559322,170.98996324877257,42.404385000000005,23.10756271186441,0.0,1.0,ECC
171.1728813559322,171.68317689214396,20.211720300000003,5.820487847457628,0.0,1.0,ECC
171.1728813559322,170.98520669630582,35.046933915254236,18.896850172413796,0.016666666666666666,1.0,ECC
171.1728813559322,61.007420072772476,142.431683,38.76077552631579,0.6666666666666666,1.0,ECC
171.1728813559322,159.2365955201582,78.62668677777779,36.67826547169811,0.1,1.0,ECC
171.1728813559322,103.8618894289419,103.68270885294118,49.16162318181818,0.43333333333333335,1.0,ECC
171.1728813559322,171.28800373292245,63.320564166666664,36.67532559322034,0.0,1.0,ECC
171.1728813559322,171.75921570670894,85.73753933898305,43.74585603448276,0.016666666666666666,1.0,ECC
171.1728813559322,166.00623094336513,78.8650765,28.88980754545455,0.06666666666666667,1.0,ECC
171.1728813559322,171.57705597788527,24.42362933898305,8.91057879310345,0.016666666666666666,1.0,ECC
171.1728813559322,99.14869780596689,613.3927812058823,79.18405803030304,0.43333333333333335,1.0,ECC
171.1728813559322,173.99782372143636,58.04235628070175,26.338358392857142,0.05,1.0,ECC
171.1728813559322,172.22653270676176,63.67671662711866,27.776160517241383,0.016666666666666666,1.0,ECC
171.1728813559322,166.08348937883517,49.89764486206897,27.82463122807018,0.03333333333333333,1.0,ECC
171.1728813559322,171.6368264615231,29.71462675,16.25005059322034,0.0,1.0,ECC
171.1728813559322,171.39835453727406,24.14496145762712,12.382960344827588,0.016666666666666666,1.0,ECC
171.1728813559322,44.20154672115306,740.7644393333335,145.2912782142857,0.75,1.0,ECC
171.1728813559322,130.81826175058532,229.4094607777778,46.16282829545455,0.25,1.0,ECC
171.1728813559322,165.75194453807805,72.19374477586207,43.98245614035088,0.03333333333333333,1.0,ECC
171.1728813559322,115.88797803853744,445.46592872972974,108.76081875,0.38333333333333336,1.0,ECC
171.1728813559322,165.8048352720276,50.061714086206905,32.4233302631579,0.03333333333333333,1.0,ECC
171.1728813559322,171.75457898104113,68.5677636551724,34.20885605263158,0.03333333333333333,1.0,ECC
171.1728813559322,170.81693736465522,50.43930508333334,35.42622262711865,0.0,1.0,ECC
171.1728813559322,172.66537359829607,68.50579968965518,37.7822550877193,0.03333333333333333,1.0,ECC
171.1728813559322,168.08764617901178,55.66400984745763,37.40677956896552,0.016666666666666666,1.0,ECC
171.1728813559322,171.3998907373332,34.5493383220339,26.65777784482759,0.016666666666666666,1.0,ECC
171.1728813559322,171.11588004604664,42.375102250000005,23.446545762711864,0.0,1.0,ECC
171.1728813559322,168.20053742135326,37.817285694915256,16.378564224137932,0.016666666666666666,1.0,ECC
171.1728813559322,172.72858808629152,58.89197434482759,32.50671596491228,0.03333333333333333,1.0,ECC
171.1728813559322,171.63533667207818,51.40118501694916,35.62569465517242,0.016666666666666666,1.0,ECC
171.1728813559322,168.97423384571178,58.58409014035088,25.189937321428573,0.05,1.0,ECC
171.1728813559322,168.040608563837,61.78287984745763,42.11082887931035,0.016666666666666666,1.0,ECC
171.1728813559322,171.17237915357913,42.718388833333336,28.638346694915256,0.0,1.0,ECC
171.1728813559322,171.17388576947886,30.528197833333333,9.828454745762713,0.0,1.0,ECC
171.1728813559322,171.21644804760814,16.688000355932207,0.8051906034482759,0.016666666666666666,1.0,ECC
171.1728813559322,172.80597573577003,37.571273833333336,17.124218474576274,0.0,1.0,ECC
171.1728813559322,170.5154699097582,44.39046450847458,31.61949586206897,0.016666666666666666,1.0,ECC
